archive_type,acquisition_folder,archive_filename,size_bytes,sha256,number_of_archive_members,number_of_laz_files,number_of_info_files
acquisition,ACQ_242_Aulnoye_Busigny,RailCloud-HdF_v1.0_ACQ_242_Aulnoye_Busigny.zip,6623520905,f80b9f6f99b82c560948e6fd61a73ff421340ec0d3415d014559b62068a31bc9,1386,693,693
acquisition,ACQ_272_Lille_Douai,RailCloud-HdF_v1.0_ACQ_272_Lille_Douai.zip,9112531194,4aedded355ac03e86b32a6ffdd54890a885f25290e8119895243dfe6c7f69687,1722,861,861
acquisition,ACQ_284_Lens_Ostricourt,RailCloud-HdF_v1.0_ACQ_284_Lens_Ostricourt.zip,2681922089,420ac57d6e594702ae08eadc9c3692369939b76e7c3792660dbc795d40ca6040,592,296,296
acquisition,ACQ_286_Don_Lens,RailCloud-HdF_v1.0_ACQ_286_Don_Lens.zip,2718766297,75af0949085194107bb3492cf3cf86fce36b021f14416fd3f39b1e833b0bffa3,646,323,323
acquisition,ACQ_289_Don_Bethune,RailCloud-HdF_v1.0_ACQ_289_Don_Bethune.zip,4454283483,0745ec1ad984c144cc99f8ebac57b682d9efdcff64531857badff0205cfbb325,926,463,463
acquisition,ACQ_289_Lille_Don,RailCloud-HdF_v1.0_ACQ_289_Lille_Don.zip,5331339898,d0d3dd7ba6b11c34eaa96f99cd2cd787844b958b975dfcba7af6a2884a7fd8cc,1106,553,553
acquisition,ACQ_295_Hazebrouck_Calais,RailCloud-HdF_v1.0_ACQ_295_Hazebrouck_Calais.zip,10491039380,8778de2c02ee3dd4144985e4f1ee50ad730741c8ef450326d1787e8df7a00b36,2430,1215,1215
acquisition,ACQ_301_Hazebrouck_Dunkerque,RailCloud-HdF_v1.0_ACQ_301_Hazebrouck_Dunkerque.zip,8671268756,396f94b4846cd9aa481b20613f9c24905a42ed4868a477a6e08f3e3e350b4ec3,1898,949,949
supporting,,RailCloud-HdF_v1.0_supporting_files.zip,54000,8fb0146d64c4183d648f15e5093d9b552106b57dab530146ad59a61f378c1ddd,13,,
